{"initial_reset_timestamp": 1600195202.563112, "timestamps": [1600195207.518843], "episode_lengths": [200], "episode_rewards": [-299.0], "episode_types": ["t"]}